words,counts
team,392
learning,339
machine,293
python,291
degree,289
analysis,281
development,278
develop,247
statistical,245
models,235
statistics,234
software,224
programming,220
analytics,189
build,184
r,178
modeling,176
teams,168
sql,144
innovation,130
intelligence,128
insights,128
collaborate,112
visualization,96
maintain,95
decisions,95
leadership,94
computing,89
phd,89
model,88
implement,88
datasets,87
mining,81
ml,80
sas,80
reporting,80
artificial,79
cloud,78
predictive,77
bachelorâ€™s,76
aws,75
power,74
database,73
databases,73
challenges,72
tensorflow,72
java,69
computational,69
passionate,68
fields,67
spark,67
bachelor,65
academic,64
physics,64
masterâ€™s,63
mathematical,63
implementation,62
platforms,60
pytorch,59
economics,54
hands-on,54
challenge,53
distributed,53
excel,53
implementing,52
math,52
experiments,52
deployment,50
pipelines,49
classification,49
tableau,49
ms,49
hadoop,48
c++,48
nlp,47
infrastructure,46
deploy,46
coding,45
neural,43
agile,42
integration,42
ph.d.,42
develops,41
unstructured,41
regression,41
matlab,40
azure,38
libraries,38
clustering,36
masters,36
architecture,36
discovery,36
25,35
pipeline,35
recruitment,35
hold,35
strongly,35
6,35
initiative,35
scalable,35
connect,35
aspects,34
integrated,34
investigation,34
30,34
seek,34
go,34
consulting,34
domains,34
reimbursement,34
recognition,34
corporation,34
novel,34
disciplines,34
uses,34
apple,34
performed,33
forward,33
genetics,33
institutions,33
offered,33
institution,33
continue,33
4,33
desirable,33
careers,33
validate,33
cutting-edge,33
intern,33
communicating,33
proof,32
curiosity,32
revenue,32
instructions,32
connected,32
scope,32
simulation,32
condition,32
edge,32
responsibility,32
contributions,32
coverage,32
conducting,32
institute,32
generate,32
competencies,32
educational,32
bs,32
behaviors,32
mentoring,32
established,31
itâ€™s,31
gain,31
disabled,31
volunteer,31
qualification,31
filled,31
assessment,31
affect,31
degrees,31
conferences,31
offering,31
meetings,31
lab,31
promotes,31
fundamental,31
detection,31
shift,31
supervision,31
laboratory,31
pursuing,31
progress,30
hear,30
retail,30
personalized,30
shared,30
insight,30
characteristics,30
clearly,30
contributing,30
http,30
applies,30
supply,30
engaging,30
transportation,30
holidays,30
parental,30
scikit-learn,30
campus,30
markets,30
engaged,30
citizen,30
interactions,30
internship,30
informed,30
effectiveness,30
initial,30
scala,29
ai/ml,29
purpose,29
continued,29
independent,29
12,29
train,29
specialized,29
grade,29
submitted,29
real-world,29
papers,29
encouraged,29
encourage,29
bringing,29
50,29
actively,29
linux,29
certain,29
voice,29
guidelines,29
supervised,28
spending,28
feature,28
respect,28
regulations,28
unless,28
theory,28
builds,28
electronic,28
defense,28
therefore,28
industries,28
duty,28
participation,28
creates,28
large-scale,28
assignments,28
funding,28
publication,28
mentor,28
behavior,27
answer,27
git,27
linear,27
vacation,27
match,27
assess,27
conducts,27
permanent,27
verification,27
part-time,27
collaborating,27
chain,27
pto,27
chemistry,27
nation,27
workflows,27
execution,27
offices,27
citizens,27
safe,27
hired,27
undergraduate,27
deadlines,27
regulatory,27
takes,27
bioinformatics,27
medicine,27
attendance,26
weeks,26
transcripts,26
accredited,26
generous,26
oriented,26
agencies,26
engage,26
well-being,26
interdisciplinary,26
prototype,26
encourages,26
delivers,26
accelerate,26
faculty,26
real-time,25
unsupervised,25
random,25
visualizations,25
incredible,25
behind,25
preference,25
demonstrates,25
provider,25
constantly,25
reduce,25
boundaries,25
preparation,25
covid-19,25
hive,25
associates,25
excited,24
decision-making,24
otherwise,24
dashboards,24
certification,24
demands,24
effort,24
10,24
dates,24
virtual,24
completed,24
transition,24
described,24
pre-employment,24
unable,24
innovate,24
relational,24
self-motivated,24
traditional,24
target,24
equity,24
valid,24
measurement,24
facilitate,24
app,24
entrepreneurial,24
tables,24
principal,24
disease,24
administrative,24
push,23
clean,23
peers,23
founded,23
serves,23
foreign,23
responses,23
leads,23
additionally,23
algorithm,23
input,23
sector,23
healthier,23
choice,23
accessible,23
speech,23
structure,23
establish,23
biological,23
efficiently,23
requests,23
prediction,23
usage,23
highest,23
engagement,23
billion,23
specifically,23
statistician,23
errors,22
supported,22
bayesian,22
recommendation,22
landscape,22
defined,22
intended,22
curriculum,22
machine-learning,22
20,22
supervisory,22
transfer,22
courses,22
interpretation,22
failure,22
partnership,22
obtained,22
doe,22
pandas,22
seeks,22
informatics,22
evidence,22
especially,22
i.e,22
teamwork,22
fair,22
outstanding,22
headquartered,22
shape,22
interactive,22
fluency,22
smarter,22
apis,22
detailed,22
integral,22
suite,21
segmentation,21
toward,21
collaboratively,21
forecasting,21
partnerships,21
conducted,21
brings,21
evaluated,21
vary,21
allows,21
ineligible,21
opens,21
journey,21
500,21
faster,21
broader,21
sharing,21
executives,21
manipulation,21
submission,21
succeed,21
context,21
histories,21
identification,21
primarily,21
enabling,21
measure,21
developed,21
combine,21
ad,21
assists,21
proposals,21
cleaning,21
assistant,21
investigators,21
particular,20
proprietary,20
skilled,20
adapt,20
deliverables,20
inside,20
executing,20
authority,20
closing,20
appointments,20
relying,20
stated,20
depends,20
contribution,20
continuously,20
visual,20
premier,20
enhancing,20
numpy,20
serving,20
tuition,20
funds,20
promote,20
evolving,20
alternative,20
according,20
accept,20
valued,20
forms,20
reinforcement,20
behavioral,20
sophisticated,20
confidence,20
accepted,20
residents,20
discharge,20
journals,20
difficult,20
gather,20
globe,20
mix,20
maintenance,20
convey,20
comply,20
siri,20
meets,20
in-depth,20
integrating,20
familiar,19
paced,19
bi,19
stem,19
pricing,19
intellectual,19
actions,19
command,19
approximately,19
determination,19
secret,19
executive,19
announcement,19
criteria,19
vacancy,19
accrediting,19
credited,19
windowlearn,19
intermittent,19
clarification,19
involving,19
departments,19
interface,19
expect,19
curious,19
mindset,19
typically,19
1-2,19
cutting,19
thatâ€™s,19
organize,19
accordance,19
opening,19
object,19
predict,19
explain,19
coordinate,19
anticipated,19
joining,19
capable,19
particularly,19
references,19
ethnicity,19
minimal,19
linguistics,19
employers,19
presenting,19
technological,19
enables,19
persons,19
tracking,19
medicines,19
improved,19
advancement,19
extremely,18
prototypes,18
sagemaker,18
coursework,18
ultimately,18
thorough,18
resolve,18
mentorship,18
pursue,18
held,18
interagency,18
placement,18
shown,18
authorized,18
2.,18
powerful,18
interns,18
complexity,18
ideally,18
places,18
claims,18
cloud-based,18
keras,18
impactful,18
depending,18
hires,18
truly,18
thrives,18
participates,18
prototyping,18
specialist,18
tool,18
embrace,18
parallel,18
massive,18
rich,18
acceptable,18
nationals,18
cultural,18
respond,18
involves,18
screening,18
collected,18
objective,18
expand,18
ambitious,18
reason,18
focuses,18
craft,18
industrial,18
high-performance,18
18,18
reviewed,18
openings,18
postdoctoral,18
authorization,18
trial,18
statisticians,18
inform,17
consistently,17
logic,17
concept,17
depth,17
etc.,17
anywhere,17
colorado,17
path,17
beginning,17
regularly,17
atmosphere,17
asked,17
qualify,17
describe,17
universities,17
born,17
rated,17
i.e.,17
transcript,17
handle,17
initially,17
assisting,17
demand,17
conclusions,17
mobility,17
named,17
outputs,17
epidemiology,17
sounds,17
contributor,17
factors,17
reasoning,17
tackling,17
embraces,17
nosql,17
treat,17
proactively,17
chance,17
labs,17
true,17
supervisor,17
pride,17
matching,17
recognize,17
spoken,17
docker,17
kubernetes,17
analyzes,17
deployed,17
immediately,17
globally,17
measures,17
billions,17
laboratories,17
funded,17
vast,17
opportunity/affirmative,17
bachelors,17
biomedical,17
multi-disciplinary,17
generally,17
diseases,17
recruiter,17
cancer,17
groundbreaking,17
pharmaceutical,17
utilization,17
translation,17
reviewing,16
willing,16
etl,16
manipulate,16
speak,16
machines,16
extended,16
audience,16
matters,16
worked,16
exploratory,16
follows,16
talents,16
llc,16
selective,16
relocation,16
1.,16
gcp,16
discussions,16
high-quality,16
predicting,16
exploration,16
budget,16
sustainable,16
subsidiary,16
differences,16
stata,16
giving,16
empowered,16
empowering,16
resumes,16
safer,16
employs,16
requiring,16
shell,16
nice,16
weâ€™ve,16
payments,16
world-class,16
rely,16
francisco,16
enthusiastic,16
charge,16
survey,16
unofficial,16
submitting,16
relationship,16
invent,16
protocols,16
capability,16
acquire,16
judgment,16
descriptive,16
spanning,16
open-source,16
sufficient,16
enrolled,16
defining,16
peer-reviewed,16
1-3,16
internationally,16
c/c++,16
disclosure,16
hearing,16
facility,16
dependent,16
foster,16
ranking,16
deadline,16
graphs,16
commensurate,16
annually,16
trusted,16
occasional,16
serious,16
stand,15
draw,15
moving,15
graduates,15
identified,15
facing,15
authorities,15
gained,15
resulting,15
ictap,15
opm,15
examples,15
families,15
advancing,15
algebra,15
strives,15
earth,15
ordinance,15
healthy,15
vehicle,15
pioneer,15
extracting,15
invite,15
a/b,15
inspired,15
increasing,15
schedules,15
concerns,15
met,15
strength,15
termination,15
semester,15
whose,15
preparing,15
e-verify,15
on-line,15
forest,15
manages,15
ambiguity,15
algorithmic,15
formal,15
offerings,15
device,15
constraints,15
doctoral,15
summer,15
hundreds,15
autonomous,15
specialists,15
apache,15
spirit,15
screen,15
continues,15
phases,15
va,15
custom,15
multidisciplinary,15
oncology,15
collaborators,15
selecting,15
graphical,15
powerpoint,15
minorities,15
accurately,15
manual,15
collecting,14
becoming,14
purposes,14
operates,14
nearly,14
scheduling,14
maximize,14
...,14
awards,14
classes,14
celebrate,14
summarize,14
predictions,14
identifies,14
refers,14
lower,14
displaced,14
temporary,14
merit,14
teaching,14
interfaces,14
spend,14
importance,14
drives,14
sick,14
github,14
inspire,14
dedication,14
strengths,14
experimentation,14
hypothesis,14
toughest,14
lasting,14
aviation,14
reflects,14
hypotheses,14
sponsor,14
junior,14
requisition,14
whatâ€™s,14
headquarters,14
economy,14
visibility,14
monthly,14
climate,14
break,14
advantage,14
redefining,14
seattle,14
24,14
interpreting,14
translates,14
certificate,14
start-up,14
progressive,14
high-level,14
submissions,14
logistic,14
handling,14
communicates,14
fostering,14
beliefs,14
brilliant,14
assessments,14
accountability,14
flow,14
3.,14
e-mail,14
dc,14
thousands,14
tight,14
efficiencies,14
molecular,14
fellows,14
ensures,14
almost,14
belonging,14
genomics,14
trials,14
grant,14
forefront,14
lift,13
carry,13
roadmap,13
retailers,13
tuning,13
stipend,13
corporations,13
traffic,13
qualifying,13
deemed,13
referral,13
carefully,13
contain,13
occupational,13
ctap,13
visualize,13
imaging,13
listening,13
geospatial,13
appropriately,13
dissemination,13
jupyter,13
notebooks,13
concise,13
expanding,13
useful,13
sampling,13
participating,13
rigorous,13
cybersecurity,13
day-to-day,13
multivariate,13
awareness,13
vector,13
foundational,13
querying,13
owned,13
dynamics,13
breadth,13
usajobs,13
campaign,13
server,13
cluster,13
winning,13
accomplish,13
square,13
crafting,13
tracks,13
st.,13
hoc,13
measurements,13
simulations,13
updates,13
sending,13
bash,13
zone,13
representative,13
longitudinal,13
certifications,13
pass,13
volumes,13
self-starter,13
inference,13
aim,13
disclose,13
units,13
domestic,13
interaction,13
manuscripts,13
administrator,13
screenings,13
2020,13
15,13
2021.,13
humans,13
accessing,13
governmental,13
biometrics,13
interesting,12
churn,12
api,12
huge,12
comfort,12
've,12
attributes,12
precision,12
anomalies,12
governance,12
affordable,12
aptitude,12
verbally,12
work-life,12
screens,12
fitness,12
determined,12
dod,12
unpaid,12
philanthropic,12
spiritual,12
claim,12
joint,12
incentive,12
questionnaire,12
optional,12
sf-50,12
expectations,12
engine,12
internships,12
calculus,12
compelling,12
short-term,12
unsolicited,12
scenarios,12
formulate,12
perl,12
not-for-profit,12
firms,12
sentiment,12
â©,12
permission,12
customersâ€™,12
robotics,12
finding,12
factor,12
